{
  "n_estimators": 2212,
  "learning_rate": 0.062079308949726,
  "num_leaves": 255,
  "max_depth": 5,
  "min_child_samples": 11,
  "subsample": 0.7331555784469107,
  "colsample_bytree": 0.5169354279608958,
  "reg_alpha": 4.144992690273035e-05,
  "reg_lambda": 0.001040698774408681,
  "random_state": 42,
  "n_jobs": -1,
  "verbose": -1
}