{
  "n_estimators": 1745,
  "learning_rate": 0.00595968189268982,
  "max_depth": 5,
  "min_child_weight": 13,
  "subsample": 0.844276445012369,
  "colsample_bytree": 0.5016193253244218,
  "reg_alpha": 0.00010120347124035792,
  "reg_lambda": 0.04400815390115096,
  "gamma": 0.0047287927377946725,
  "random_state": 42,
  "n_jobs": -1,
  "verbosity": 0,
  "tree_method": "hist"
}